name,income,age,city,gender
Raju,50000,28,delhi,M
hari,12000,25,pune,M
krishna,30000,25,bangalore,M
nitya,60000,47,delhi,F
rama,20000,20,delhi,F
ramani,15000,20,bangalore,F
ramya,25000,35,bangalore,F
rangaraj,40000,45,pune,M
shiva,40000,35,pune,M
