name,income,age,city,gender
krishna,30000,25,bangalore,M
Raju,50000,28,delhi,M
ramya,25000,35,bangalore,F
krishna,30000,25,bangalore,M
rangaraj,40000,45,pune,M
ramani,15000,20,bangalore,F
krishna,30000,25,bangalore,M
rama,20000,20,delhi,F
Raju,50000,28,delhi,M
shiva,40000,35,pune,M
ramani,15000,20,bangalore,F
krishna,30000,25,bangalore,M
hari,12000,25,pune,M
Raju,50000,28,delhi,M
nitya,60000,47,delhi,F
krishna,30000,35,pune,M
